{"count":1,"self":11.3669984,"total":16.937041699999998,"children":{"AgentSendState":{"count":17067,"self":0.0361805,"total":0.1424827,"children":{"CollectObservations":{"count":3342,"self":0.073382099999999992,"total":0.073382099999999992,"children":null},"CollectDiscreteActionMasks":{"count":3342,"self":0.0029904999999999997,"total":0.0029904999999999997,"children":null},"AgentInfo.ToProto":{"count":3342,"self":0.0060186,"total":0.029929599999999997,"children":{"GenerateSensorData":{"count":3342,"self":0.023910999999999998,"total":0.023910999999999998,"children":null}}}}},"DecideAction":{"count":17067,"self":5.3816928,"total":5.3816926,"children":null},"AgentAct":{"count":17067,"self":0.0438738,"total":0.0438738,"children":null},"AgentInfo.ToProto":{"count":55,"self":0,"total":0.0009964,"children":{"GenerateSensorData":{"count":55,"self":0.0009964,"total":0.0009964,"children":null}}}},"gauges":{"ArcadeDriver.CumulativeReward":{"count":52,"max":7.668768,"min":-4.72937441,"runningAverage":0.05577933,"value":2.24630141,"weightedAverage":0.146569848}},"metadata":{"timer_format_version":"0.1.0","start_time_seconds":"1636815977","unity_version":"2020.3.20f1","command_line_arguments":"D:\\Unity\\2020.3.20f1\\Editor\\Unity.exe -projectpath E:\/Unity\/Fall21_CSCI526-CoinsMagnet\/Fall21_CSCI526-CoinsMagnet -useHub -hubIPC -cloudEnvironment production -hubSessionId 795f4a10-443b-11ec-adaa-8b3eccee38df -accessToken h93s2eLfPVarU1qph-wlMKuapMIZdKgIoyfu9H7-zPg012f","communication_protocol_version":"1.0.0","com.unity.ml-agents_version":"1.0.8","scene_name":"LoseScene","end_time_seconds":"1636815994"}}